{
    "start_time": 1555713949.6517289,
    "target": null,
    "server_path": "C:\\Users\\sahan\\Documents\\Python_1",
    "data_path": "C:/Users/sahan/Documents/Python_1/salary-information-for-local-authorities.csv",
    "test_path": null,
    "max_models": 9,
    "run_time": 500,
    "run_id": "0blvTgF7J",
    "scale": false,
    "regression": true,
    "model_path": null,
    "balance": false,
    "balance_threshold": 0.2,
    "project": null,
    "end_time": 1555713949.6517289,
    "execution_time": 0.0,
    "run_path": "C:\\Users\\sahan\\Documents\\Python_1\\0blvTgF7J",
    "nthreads": 1,
    "min_mem_size": 6,
    "analysis": 0,
    "model_execution_time": 538.8610017299652
}
